mean_monthly,sharpe_ann,max_dd,total_return
0.02471727717734004,1.285362965182106,-0.291915259569525,3.774696957895821
